parent;child
Art, Design & Architecture;Architecture
Art, Design & Architecture;Art History
Art, Design & Architecture;Environmental Design
Art, Design & Architecture;Game Design
Art, Design & Architecture;Media Studies
Art, Design & Architecture;Performing Arts
Art, Design & Architecture;Real Estate
Art, Design & Architecture;Visual Arts
Business & Management;Business Analytics
Business & Management;Digital Business & IT
Business & Management;Entrepreneurship
Business & Management;Family Enterprise
Business & Management;Finance & Accounting
Business & Management;Management
Business & Management;Marketing
Business & Management;Negotiation & Communication
Business & Management;Operations
Business & Management;Organizations & Leadership
Business & Management;Strategy & Innovation
Business & Management;Supply Chain
Business & Management;Systems Thinking
Data Science, Analytics & Computer Technology;AI
Data Science, Analytics & Computer Technology;Algorithms and Data Structures
Data Science, Analytics & Computer Technology;AR/VR/MR/XR
Data Science, Analytics & Computer Technology;Blockchain
Data Science, Analytics & Computer Technology;Computer Science
Data Science, Analytics & Computer Technology;CyberSecurity
Data Science, Analytics & Computer Technology;Data Science
Data Science, Analytics & Computer Technology;Machine Learning
Data Science, Analytics & Computer Technology;Networks and Security
Data Science, Analytics & Computer Technology;Programming & Coding
Data Science, Analytics & Computer Technology;Software Design and Engineering
Data Science, Analytics & Computer Technology;User Experience
Data Science, Analytics & Computer Technology;Visualization
Education & Teaching;Digital Learning
Education & Teaching;Education Policy
Education & Teaching;Educational Technology
Education & Teaching;Faculty Leadership
Education & Teaching;Pedagogy and Curriculum
Energy, Climate & Sustainability;Adaptation and Resilience
Energy, Climate & Sustainability;Built Environment
Energy, Climate & Sustainability;Climate and Energy Policy
Energy, Climate & Sustainability;Climate Science
Energy, Climate & Sustainability;Ecosystems
Energy, Climate & Sustainability;Energy
Energy, Climate & Sustainability;Environmental and Climate Justice
Energy, Climate & Sustainability;Natural Systems
Energy, Climate & Sustainability;Sustainable Business
Engineering;Aerospace Engineering
Engineering;Biological Engineering
Engineering;Chemical Engineering
Engineering;Civil Engineering
Engineering;Electrical Engineering
Engineering;Environmental Engineering
Engineering;Manufacturing
Engineering;Materials Science and Engineering
Engineering;Mechanical Engineering
Engineering;Nuclear Engineering
Engineering;Ocean Engineering
Engineering;Systems Engineering
Health & Medicine;Biomedical Technologies
Health & Medicine;Health Care Management
Health & Medicine;Imaging
Health & Medicine;Immunology
Health & Medicine;Mental Health
Health & Medicine;Pathology and Pathophysiology
Health & Medicine;Pharmacology & Toxicology
Health & Medicine;Public Health
Humanities;History
Humanities;Language
Humanities;Linguistics
Humanities;Literature
Humanities;Music
Humanities;Philosophy
Humanities;Religion
Innovation & Entrepreneurship;Corporate Innovation
Innovation & Entrepreneurship;Innovation Ecosystems
Innovation & Entrepreneurship;Innovation Process
Innovation & Entrepreneurship;Inventions & Patents
Innovation & Entrepreneurship;Product Innovation
Innovation & Entrepreneurship;Startups/New Enterprises
Science & Math;Biology
Science & Math;Chemistry
Science & Math;Cognitive Science
Science & Math;Earth Science
Science & Math;Mathematics
Science & Math;Physics
Social Sciences;Anthropology
Social Sciences;Communication
Social Sciences;Economics
Social Sciences;Gender Studies
Social Sciences;Geography
Social Sciences;International Development
Social Sciences;Law
Social Sciences;Policy and Administration
Social Sciences;Political Science
Social Sciences;Psychology
Social Sciences;Sociology
Social Sciences;Urban Studies
